index,timestamp,filename
1,0.037,frame_000001.qoi
2,0.068,frame_000002.qoi
3,0.093,frame_000003.qoi
4,0.126,frame_000004.qoi
5,0.168,frame_000005.qoi
6,0.200,frame_000006.qoi
7,0.234,frame_000007.qoi
8,0.263,frame_000008.qoi
9,0.292,frame_000009.qoi
10,0.324,frame_000010.qoi
11,0.362,frame_000011.qoi
12,0.399,frame_000012.qoi
13,0.431,frame_000013.qoi
14,0.460,frame_000014.qoi
15,0.494,frame_000015.qoi
16,0.531,frame_000016.qoi
17,0.561,frame_000017.qoi
18,0.596,frame_000018.qoi
19,0.629,frame_000019.qoi
20,0.655,frame_000020.qoi
21,0.694,frame_000021.qoi
22,0.723,frame_000022.qoi
23,0.756,frame_000023.qoi
24,0.795,frame_000024.qoi
25,0.819,frame_000025.qoi
26,0.857,frame_000026.qoi
27,0.894,frame_000027.qoi
28,0.918,frame_000028.qoi
29,0.955,frame_000029.qoi
30,0.984,frame_000030.qoi
31,1.018,frame_000031.qoi
32,1.055,frame_000032.qoi
33,1.093,frame_000033.qoi
34,1.123,frame_000034.qoi
35,1.155,frame_000035.qoi
36,1.187,frame_000036.qoi
37,1.217,frame_000037.qoi
38,1.257,frame_000038.qoi
39,1.289,frame_000039.qoi
40,1.323,frame_000040.qoi
41,1.355,frame_000041.qoi
42,1.388,frame_000042.qoi
43,1.421,frame_000043.qoi
44,1.455,frame_000044.qoi
45,1.480,frame_000045.qoi
46,1.513,frame_000046.qoi
47,1.547,frame_000047.qoi
48,1.585,frame_000048.qoi
49,1.620,frame_000049.qoi
50,1.644,frame_000050.qoi
51,1.685,frame_000051.qoi
52,1.717,frame_000052.qoi
53,1.753,frame_000053.qoi
54,1.784,frame_000054.qoi
55,1.809,frame_000055.qoi
56,1.849,frame_000056.qoi
57,1.884,frame_000057.qoi
58,1.914,frame_000058.qoi
59,1.944,frame_000059.qoi
60,1.976,frame_000060.qoi
61,2.005,frame_000061.qoi
62,2.052,frame_000062.qoi
63,2.085,frame_000063.qoi
64,2.113,frame_000064.qoi
65,2.144,frame_000065.qoi
66,2.178,frame_000066.qoi
67,2.211,frame_000067.qoi
68,2.246,frame_000068.qoi
69,2.277,frame_000069.qoi
70,2.313,frame_000070.qoi
71,2.347,frame_000071.qoi
72,2.377,frame_000072.qoi
73,2.412,frame_000073.qoi
74,2.443,frame_000074.qoi
75,2.477,frame_000075.qoi
76,2.510,frame_000076.qoi
77,2.537,frame_000077.qoi
78,2.575,frame_000078.qoi
79,2.602,frame_000079.qoi
80,2.638,frame_000080.qoi
81,2.667,frame_000081.qoi
82,2.704,frame_000082.qoi
83,2.740,frame_000083.qoi
84,2.773,frame_000084.qoi
85,2.809,frame_000085.qoi
86,2.842,frame_000086.qoi
87,2.873,frame_000087.qoi
88,2.902,frame_000088.qoi
89,2.940,frame_000089.qoi
90,2.972,frame_000090.qoi
91,2.996,frame_000091.qoi
92,3.035,frame_000092.qoi
93,3.065,frame_000093.qoi
94,3.104,frame_000094.qoi
95,3.137,frame_000095.qoi
96,3.168,frame_000096.qoi
97,3.203,frame_000097.qoi
98,3.229,frame_000098.qoi
99,3.270,frame_000099.qoi
100,3.301,frame_000100.qoi
101,3.334,frame_000101.qoi
102,3.369,frame_000102.qoi
103,3.402,frame_000103.qoi
104,3.428,frame_000104.qoi
105,3.466,frame_000105.qoi
106,3.501,frame_000106.qoi
107,3.529,frame_000107.qoi
108,3.562,frame_000108.qoi
109,3.593,frame_000109.qoi
110,3.630,frame_000110.qoi
111,3.662,frame_000111.qoi
112,3.694,frame_000112.qoi
113,3.724,frame_000113.qoi
114,3.766,frame_000114.qoi
115,3.794,frame_000115.qoi
116,3.826,frame_000116.qoi
117,3.855,frame_000117.qoi
118,3.898,frame_000118.qoi
119,3.924,frame_000119.qoi
120,3.962,frame_000120.qoi
121,3.995,frame_000121.qoi
122,4.020,frame_000122.qoi
123,4.056,frame_000123.qoi
124,4.095,frame_000124.qoi
125,4.127,frame_000125.qoi
126,4.161,frame_000126.qoi
127,4.192,frame_000127.qoi
128,4.217,frame_000128.qoi
129,4.260,frame_000129.qoi
130,4.292,frame_000130.qoi
131,4.322,frame_000131.qoi
132,4.354,frame_000132.qoi
133,4.385,frame_000133.qoi
134,4.419,frame_000134.qoi
135,4.458,frame_000135.qoi
136,4.491,frame_000136.qoi
137,4.519,frame_000137.qoi
138,4.555,frame_000138.qoi
139,4.585,frame_000139.qoi
140,4.624,frame_000140.qoi
141,4.647,frame_000141.qoi
142,4.685,frame_000142.qoi
143,4.719,frame_000143.qoi
144,4.754,frame_000144.qoi
145,4.785,frame_000145.qoi
146,4.821,frame_000146.qoi
147,4.847,frame_000147.qoi
148,4.877,frame_000148.qoi
149,4.910,frame_000149.qoi
150,4.949,frame_000150.qoi
151,4.976,frame_000151.qoi
152,5.009,frame_000152.qoi
153,5.042,frame_000153.qoi
154,5.075,frame_000154.qoi
155,5.110,frame_000155.qoi
156,5.150,frame_000156.qoi
157,5.183,frame_000157.qoi
158,5.215,frame_000158.qoi
159,5.239,frame_000159.qoi
160,5.274,frame_000160.qoi
161,5.315,frame_000161.qoi
162,5.347,frame_000162.qoi
163,5.381,frame_000163.qoi
164,5.412,frame_000164.qoi
165,5.447,frame_000165.qoi
166,5.471,frame_000166.qoi
167,5.503,frame_000167.qoi
168,5.545,frame_000168.qoi
169,5.579,frame_000169.qoi
170,5.610,frame_000170.qoi
171,5.645,frame_000171.qoi
172,5.677,frame_000172.qoi
173,5.701,frame_000173.qoi
174,5.745,frame_000174.qoi
175,5.770,frame_000175.qoi
176,5.809,frame_000176.qoi
177,5.842,frame_000177.qoi
178,5.877,frame_000178.qoi
179,5.903,frame_000179.qoi
180,5.942,frame_000180.qoi
181,5.973,frame_000181.qoi
182,5.999,frame_000182.qoi
183,6.040,frame_000183.qoi
184,6.068,frame_000184.qoi
185,6.101,frame_000185.qoi
186,6.141,frame_000186.qoi
187,6.173,frame_000187.qoi
188,6.206,frame_000188.qoi
189,6.239,frame_000189.qoi
190,6.272,frame_000190.qoi
191,6.305,frame_000191.qoi
192,6.334,frame_000192.qoi
193,6.368,frame_000193.qoi
194,6.405,frame_000194.qoi
195,6.433,frame_000195.qoi
196,6.468,frame_000196.qoi
197,6.501,frame_000197.qoi
198,6.536,frame_000198.qoi
199,6.568,frame_000199.qoi
200,6.592,frame_000200.qoi
201,6.628,frame_000201.qoi
202,6.668,frame_000202.qoi
203,6.701,frame_000203.qoi
204,6.731,frame_000204.qoi
205,6.761,frame_000205.qoi
206,6.802,frame_000206.qoi
207,6.833,frame_000207.qoi
208,6.866,frame_000208.qoi
209,6.900,frame_000209.qoi
210,6.927,frame_000210.qoi
211,6.959,frame_000211.qoi
212,6.991,frame_000212.qoi
213,7.026,frame_000213.qoi
214,7.066,frame_000214.qoi
215,7.098,frame_000215.qoi
216,7.124,frame_000216.qoi
217,7.156,frame_000217.qoi
218,7.194,frame_000218.qoi
219,7.229,frame_000219.qoi
220,7.260,frame_000220.qoi
221,7.284,frame_000221.qoi
222,7.328,frame_000222.qoi
223,7.359,frame_000223.qoi
224,7.394,frame_000224.qoi
225,7.417,frame_000225.qoi
226,7.454,frame_000226.qoi
227,7.492,frame_000227.qoi
228,7.521,frame_000228.qoi
229,7.559,frame_000229.qoi
230,7.591,frame_000230.qoi
231,7.618,frame_000231.qoi
232,7.660,frame_000232.qoi
233,7.684,frame_000233.qoi
234,7.718,frame_000234.qoi
235,7.760,frame_000235.qoi
236,7.790,frame_000236.qoi
237,7.821,frame_000237.qoi
238,7.851,frame_000238.qoi
239,7.890,frame_000239.qoi
240,7.924,frame_000240.qoi
241,7.955,frame_000241.qoi
242,7.985,frame_000242.qoi
243,8.023,frame_000243.qoi
244,8.055,frame_000244.qoi
245,8.083,frame_000245.qoi
246,8.121,frame_000246.qoi
247,8.155,frame_000247.qoi
248,8.184,frame_000248.qoi
249,8.219,frame_000249.qoi
250,8.243,frame_000250.qoi
251,8.278,frame_000251.qoi
252,8.317,frame_000252.qoi
253,8.342,frame_000253.qoi
254,8.381,frame_000254.qoi
255,8.409,frame_000255.qoi
256,8.444,frame_000256.qoi
257,8.482,frame_000257.qoi
258,8.511,frame_000258.qoi
259,8.544,frame_000259.qoi
260,8.576,frame_000260.qoi
261,8.609,frame_000261.qoi
262,8.645,frame_000262.qoi
263,8.676,frame_000263.qoi
264,8.709,frame_000264.qoi
265,8.746,frame_000265.qoi
266,8.780,frame_000266.qoi
267,8.813,frame_000267.qoi
268,8.840,frame_000268.qoi
269,8.876,frame_000269.qoi
270,8.910,frame_000270.qoi
271,8.944,frame_000271.qoi
272,8.974,frame_000272.qoi
273,9.002,frame_000273.qoi
274,9.044,frame_000274.qoi
275,9.074,frame_000275.qoi
276,9.103,frame_000276.qoi
277,9.141,frame_000277.qoi
278,9.175,frame_000278.qoi
279,9.208,frame_000279.qoi
280,9.243,frame_000280.qoi
281,9.274,frame_000281.qoi
282,9.299,frame_000282.qoi
283,9.340,frame_000283.qoi
284,9.376,frame_000284.qoi
285,9.410,frame_000285.qoi
286,9.432,frame_000286.qoi
287,9.468,frame_000287.qoi
288,9.500,frame_000288.qoi
289,9.533,frame_000289.qoi
290,9.565,frame_000290.qoi
291,9.598,frame_000291.qoi
292,9.634,frame_000292.qoi
293,9.668,frame_000293.qoi
294,9.704,frame_000294.qoi
295,9.731,frame_000295.qoi
296,9.764,frame_000296.qoi
297,9.804,frame_000297.qoi
298,9.835,frame_000298.qoi
299,9.867,frame_000299.qoi
300,9.901,frame_000300.qoi
301,9.937,frame_000301.qoi
302,9.959,frame_000302.qoi
303,9.993,frame_000303.qoi
304,10.026,frame_000304.qoi
305,10.065,frame_000305.qoi
306,10.097,frame_000306.qoi
307,10.132,frame_000307.qoi
308,10.161,frame_000308.qoi
309,10.195,frame_000309.qoi
310,10.226,frame_000310.qoi
311,10.259,frame_000311.qoi
312,10.298,frame_000312.qoi
313,10.326,frame_000313.qoi
314,10.360,frame_000314.qoi
